Date,Euro-super 95  (I)1000L, Gas oil automobile Automotive gas oil Dieselkraftstoff (I)1000L, Gas oil de chauffage Heating gas oil Heizöl (II)1000L, Fuel oil - Schweres Heizöl (III) Soufre t, Fuel oil -Schweres Heizöl (III) Soufre > 1% Sulphur > 1% Schwefel > 1%t,GPL pour moteur LPG motor fuel1000L
2005-01-03,317.53,390.73,324.49,186.07,153.69,306.24
2005-01-10,314.73,384.4,319.57,187.81,151.76,301.61
2005-01-17,323.96,382.93,323.98,195.69,150.79,300.28
2005-01-24,324.78,383.89,329.48,198.36,168.14,297.01
2005-01-31,341.7,391.28,341.73,201.4,170.58,297.58
2005-02-07,347.8,388.57,334.28,205.25,171.56,296.12
2005-02-14,344.16,385.53,334.03,203.2,178.24,295.35
2005-02-21,346.02,388.14,338.37,203.88,177.78,288.7
2005-02-28,349.27,400.74,359.02,211.42,181.92,290.19
2005-03-07,356.21,415.42,382.18,216.95,185.98,291.34
2005-03-14,368.22,428.49,382.99,223.96,186.49,289.09
2005-03-21,366.66,433.98,388.72,229.62,190.96,285.43
2005-04-04,388.69,442.21,398.23,240.54,204.44,284.72
2005-04-11,410.94,460.28,408.06,251.06,207.09,281.25
2005-04-18,403.59,454.99,390.05,246.38,207.86,279.81
2005-04-25,405.44,452.38,387.28,250.04,208.78,278.61
2005-05-02,409.1,450.92,387.42,248.77,208.46,276.48
2005-05-09,401.21,443.76,380.64,239.07,208.94,279.63
2005-05-16,396.55,437.03,375.61,246.03,209.24,277.86
2005-05-23,388.91,430.7,368.26,246.87,209.51,277.49
2005-05-30,386.32,429.41,373.92,247.61,209.73,279.26
2005-06-06,401.99,447.79,402.21,251.18,210.27,281.15
2005-06-13,413.28,464.52,415.24,250.76,211.54,285.12
2005-06-20,422.79,476.4,429.19,263.34,232.49,283.45
2005-06-27,430.47,482.54,432.52,272.22,237.3,285.12
2005-07-04,438.35,488.42,434.63,272.7,241.14,287.74
2005-07-11,449.9,499.36,462.27,279.98,250.28,286.55
2005-07-18,452.15,496.91,453.73,281.02,244.07,289.18
2005-07-25,454.94,492.46,440.33,279.31,244.51,283.45
2005-08-01,457.03,490.49,442.21,280.89,243.82,284.59
2005-08-08,462.88,493.02,444.17,278.26,246.14,293.04
2005-08-15,467.39,496.19,451.42,280.6,249.52,293.03
2005-08-22,482.12,514.18,473.89,290.74,252.93,299.51
2005-08-29,480.47,517.06,491.25,293.5,258.5,300.1
2005-09-05,540.1,543.33,523.68,306.45,272.99,307.61
2005-09-12,533.01,535.77,503.88,302.52,273.87,315.87
2005-09-19,511.71,521.75,494.1,313.25,274.28,321.75
2005-09-26,514.64,530.49,507.86,325.36,275.85,325.4
2005-10-03,528.4,543.03,523.17,328.28,273.74,333.62
2005-10-10,520.89,545.66,512.16,325.03,273.24,348.67
2005-10-17,504.23,543.42,506.41,328.02,274.59,356.82
2005-10-24,484.29,536.52,493.66,323.74,273.9,360.92
2005-11-07,454.34,514.41,471.94,321.88,272.87,361.08
2005-11-14,446.29,501.11,466.1,312.29,271.36,362.35
2005-11-21,431.23,487.45,460.18,312.6,273.34,365.63
2005-11-28,431.7,485.67,454.37,308.95,273.71,370.02
2005-12-05,423.06,477.35,452.97,310.95,273.62,372.11
2005-12-12,425.94,482.47,455.64,308.97,273.92,372.48
2005-12-19,433.66,485.23,460.8,313.16,273.1,370.69
2006-01-09,449.88,497.13,460.11,315.3,276.23,377.45
2006-01-16,454.82,494.45,456.71,316.1,275.9,379.79
2006-01-23,452.96,495.57,464.05,323.03,276.24,378.66
2006-01-30,455.87,501.23,471.69,325.39,276.36,381.27
2006-02-06,459.68,505.91,475.47,332.79,279.8,379.87
2006-02-13,449.67,499.18,466.92,335.27,281.38,381.64
2006-02-20,437.81,492.78,462.44,334.3,282.26,380.96
2006-02-27,437.92,494.86,464.91,336.43,276.25,378.85
2006-03-06,443.32,502.22,477.6,336.11,283.9,376.64
2006-03-13,447.23,507.04,471.74,327.59,277.77,368.64
2006-03-20,461.15,512.53,477.78,329.15,279.38,367.85
2006-03-27,461.6,509.32,475.88,326.33,282.04,364.87
2006-04-03,485.71,517.27,486.29,327.2,282.71,359.24
2006-04-10,489.32,518.39,485.26,327.08,290.68,349.55
2006-04-24,524.66,543.75,510.66,334.02,298.71,350.43
2006-05-01,533.56,550.42,507.45,331.66,297.83,348.98
2006-05-08,531.38,547.51,507.6,325.09,293.96,348.46
2006-05-15,525.49,541.23,509.32,323.89,296.04,343.35
2006-05-22,523.26,535.74,496.65,320.46,284.19,340.15
2006-05-29,513.87,527.45,498.75,321.99,286.42,339.6
2006-06-05,521.18,534.58,498.51,321.55,293.65,336.97
2006-06-12,528.86,536.21,498.88,316.17,281.86,335.93
2006-06-19,520.16,530.36,497.58,314.13,280.74,332.23
2006-06-26,520.73,529.98,497.48,314.18,277.28,330.9
2006-07-03,535,539.09,503.33,316.46,284.49,333.67
2006-07-10,544.22,541.9,505.88,318.3,282.79,334.07
2006-07-17,555.22,547.26,510.18,325.56,294.75,337.41
2006-07-24,565.18,552.15,506.45,324.64,293.63,340.43
2006-07-31,562.91,548.14,503.42,327.31,293.94,347.43
2006-08-07,562.73,551.67,514.06,331.81,293.06,355.14
2006-08-14,555.02,552.6,517.47,331.72,297.68,359.85
2006-08-21,532.1,546.49,507.75,324.79,281.4,358.1
2006-08-28,512.81,543.8,511.26,320.96,276.7,359.21
2006-09-04,493.67,539.8,512.16,314.16,266.88,359.12
2006-09-11,469.42,524.04,498.16,306.24,267.01,368.1
2006-09-18,454.14,508.87,474.42,297.36,263.92,361.34
2006-09-25,433.69,490.45,465.18,283.32,250.3,367.35
2006-10-02,428.64,485.68,467.26,282.41,251.69,359.34
2006-10-09,422.6,482.1,460.51,273.67,246,361.24
2006-10-16,421.8,486.38,461.26,277.38,256.29,363.65
2006-10-23,415.59,484.68,459.77,276.77,251.86,369.26
2006-10-30,412.61,479.75,456.22,278.38,252.32,373.19
2006-11-06,407.12,473.46,443.59,274.24,243.66,376.43
2006-11-13,413.14,474.76,448.08,273.25,250.03,377.99
2006-11-20,414.07,475.65,442.24,271.92,243.8,378.71
2006-11-27,409.36,472.93,437.71,269.68,240.26,375.56
2006-12-04,415.46,476.55,445.9,269.83,247.29,371.47
2006-12-11,416.98,476.48,440.53,265.02,234.49,368.21
2006-12-18,417.41,474.55,437.02,266.72,235.61,364.33
2007-01-08,413.35,462.54,418.77,258.61,210.85,348.3
2007-01-15,397.18,447.79,409.68,255.64,213.58,346.18
2007-01-22,389.53,441.83,399.74,247.97,202.33,344.67
2007-01-29,391.8,442.43,410.52,249.77,202.49,337.64
2007-02-05,399.78,448.24,416.57,255.09,209.05,339.48
2007-02-12,406.92,454.86,423.98,260.38,215.06,336.65
2007-02-19,407.91,454.93,418.86,260.19,219.66,336.59
2007-02-26,416.47,458.31,421.58,259.74,211.36,336.25
2007-03-05,443.83,470.85,431.25,265.67,219.82,334.49
2007-03-12,448.69,474.25,432.84,267.68,223.7,334.99
2007-03-19,447.43,469.2,427.1,266.77,226.32,335.68
2007-03-26,448.79,468.79,425.65,268.1,227.17,333.39
2007-04-02,468.21,485.05,444.57,280.99,240.91,331.88
2007-04-16,481.18,491.55,454.88,287.72,248.19,338.17
2007-04-23,489.65,493.75,447.62,289.61,251.08,340.68
2007-04-30,505.65,496.82,451.04,294.76,257.47,335.65
2007-05-07,511.71,495.51,456.18,301.17,258.89,335.59
2007-05-14,516.59,495.55,452.39,297.01,257.25,336.32
2007-05-21,524.47,497.87,457.81,300.65,254.42,334.53
2007-05-28,533.01,500.54,462.77,307.64,258.44,333.96
2007-06-04,531.69,502.09,458,307.05,253.29,340.53
2007-06-11,524.02,500.37,463.54,307.98,253.79,343.1
2007-06-18,528.44,509.59,467.82,306.14,256.15,350.12
2007-06-25,532.9,515.57,473.41,309.19,264.19,353.69
2007-07-02,522.9,510.89,473.1,314.59,267.94,358.24
2007-07-09,524.6,510.46,476.68,321.29,276.28,366.82
2007-07-16,533.9,519.73,483.66,325.6,292.15,360.42
2007-07-23,521.37,516.56,481.54,331.41,282.38,358.78
2007-07-30,509.36,515.1,481.46,332.45,285.73,357.54
2007-08-06,505.82,520.15,485.08,332.93,293.42,358.78
2007-08-13,495.55,512.9,474.45,330.27,282.51,355.81
2007-08-20,492.81,512.24,477.39,327.68,282.39,366.97
2007-08-27,488.62,509.47,473.04,319.76,276.48,371.71
2007-09-03,493.14,511.87,478.65,321.22,278.45,374.69
2007-09-10,503.08,523.07,490.27,324.54,285.95,379.46
2007-09-17,503.77,535.55,504.93,327.9,288.71,382.79
2007-09-24,507.3,545.33,511.06,331.81,291.02,385.81
2007-10-01,503.57,544.69,507.71,330.77,291.76,387.14
2007-10-08,494.64,536.58,501.11,332.87,263.74,389.95
2007-10-15,493.49,538.49,503.26,337.48,267.51,392.6
2007-10-22,504.71,552.8,512.13,345.22,270.7,395.34
2007-10-29,509.34,560.96,523.81,352.23,283.1,403.25
2007-11-05,523.46,575.71,541.17,366.27,287.46,403.55
2007-11-12,547.57,610.85,567.06,378.21,299.59,407.34
2007-11-19,543.45,613.99,565.8,379.11,300.55,413.03
2007-11-26,543.55,625.03,580.9,382.69,307.69,415.35
2007-12-03,532.52,622.54,577.44,376.47,306.39,422.8
2007-12-10,519.29,608.8,556.84,373.82,283.04,425.01
2007-12-17,526.04,604.28,562.34,378.41,282.03,421.27
2008-01-07,545.6,616.45,582.5,403.75,334.12,410.39
2008-01-14,538.22,605.45,568.8,387.64,326.74,409.36
2008-01-21,521.54,589.88,553.32,372.88,319.79,406.09
2008-01-28,517.57,583.09,547.16,370.02,320.01,407.08
2008-02-04,524,588.83,551.87,367.47,325.37,409.57
2008-02-11,516.67,587.1,547.26,360.55,316.49,406.02
2008-02-18,540.53,611.93,581.26,380.8,321.92,408.91
2008-02-25,552.26,629.18,602.35,379.65,327.86,410.4
2008-03-03,553.08,633.97,598.13,376.74,332.74,408.19
2008-03-10,553.53,649.97,612.04,380.51,333.22,404.76
2008-03-17,556.82,666.09,620.93,382.02,332.67,403.77
2008-03-31,547.31,651.98,604.35,380.02,332.69,401.45
2008-04-07,549.68,650.28,605.11,381.2,333.02,404.46
2008-04-14,559.3,671.22,635.73,390.63,341.42,412.57
2008-04-21,567.16,682.58,644.33,397.72,338.26,413.85
2008-04-28,579.48,697.49,656.14,402.92,343.68,412.47
2008-05-05,584.87,706.56,667.04,401.67,347.91,413.15
2008-05-12,597.56,728.28,696.57,417.67,360.75,417.6
2008-05-19,621.48,769.19,727.68,425.77,365.48,419.22
2008-05-26,630.99,789.82,748.34,437.32,385.43,417.69
2008-06-02,638.36,794.28,748.43,448.08,387.64,419.23
2008-06-09,641.91,786.34,723.72,449.19,385.24,418.84
2008-06-16,653.08,798.47,769.7,468.88,406.66,421.65
2008-06-23,655.77,794.61,756.61,471.44,416.51,423.33
2008-06-30,665.18,802.34,749.97,484.74,421.82,426.31
2008-07-07,676.8,811.37,773.2,515.74,453.37,432.4
2008-07-14,669.12,812.82,762.16,527.49,460.02,439.83
2008-07-21,652.26,804.13,755.63,519.79,472.82,448.57
2008-07-28,628.15,775.94,727.63,497.94,453.03,454.73
2008-08-04,615.98,757.34,715.42,496.72,448.11,452.86
2008-08-11,612.81,735.01,681.83,485.75,442.92,450.08
2008-08-18,602.09,714.82,677.3,480.07,431.11,446.54
2008-08-25,613.04,716.74,687.05,482.07,440.01,448.47
2008-09-01,610.97,715.19,690.5,485.02,446.62,446.66
2008-09-08,602.32,703.59,674.5,468.93,433.31,440.22
2008-09-15,601.33,694.47,667.07,451.53,433.02,446.9
2008-09-22,580.87,678.62,648.12,422.69,401.67,452.54
2008-09-29,573.33,678.36,671.34,424.13,395.2,447.25
2008-10-06,562.95,673.99,665.99,416.17,392.47,437.99
2008-10-13,526.71,641.56,616.98,391.71,366.31,432.49
2008-10-20,473.31,600.69,569.47,359.79,323.87,428.89
2008-10-27,458.92,585.45,568.65,350.63,297.86,413.71
2008-11-03,442.71,571.51,560.45,345.15,284.8,421
2008-11-10,417.47,564.21,553.43,325.11,275.47,414.24
2008-11-17,395.45,543.55,518.05,308.11,239.87,400.52
2008-11-24,363.52,515.54,482.21,300.31,213.58,385.92
2008-12-01,352.07,498.34,462.95,288.54,203.33,378.42
2008-12-08,341.11,475.74,431.06,279.87,194.38,364.97
2008-12-15,316.91,442.05,408.84,260.28,191.13,345.4
2009-01-05,288.06,401.57,379.18,233.77,169.06,316.51
2009-01-12,321.67,432.05,427.03,254.46,172.25,317.28
2009-01-19,333.38,430.31,424.73,251.03,178.76,307.66
2009-01-26,334.78,421.99,412.34,261.1,179.01,306.5
2009-02-02,342.53,422.55,408.59,253.66,192.1,301.86
2009-02-09,352.48,425.05,402,256.88,212.71,305.63
2009-02-16,354.51,417.14,395.33,258.46,207.56,299.59
2009-02-23,344.04,399.36,369.15,252.85,201.52,299.91
2009-03-02,345.17,392.97,368.72,254.5,201.17,291.72
2009-03-09,351.02,389.04,359.83,253.96,200.8,288.87
2009-03-16,351.25,386.4,355.4,255.69,204.58,287.99
2009-03-23,354.37,390.71,367.09,255.71,201.96,280.19
2009-03-30,374.35,408.74,392.42,262.04,207.91,275.27
2009-04-06,383.46,415.44,388.64,262.97,212.91,277.66
2009-04-20,388.09,414.05,388.56,278.72,219.26,273.75
2009-04-27,392.03,413.73,375.61,275.56,224.91,269.71
2009-05-04,386.51,415.13,371.34,278.71,229.17,272.33
2009-05-11,415.04,420.69,391.63,291.96,238.58,271.39
2009-05-18,425.09,423.25,389.91,295.89,245.71,270.4
2009-05-25,442.57,420.55,386.44,300.23,269.39,268.1
2009-06-01,450.42,424.46,388.65,305.42,265.29,268.33
2009-06-08,461.67,443.85,408.86,315.49,284.8,272.14
2009-06-15,480.18,457.34,427.54,330.8,289.69,279.27
2009-06-22,487.77,468.63,441.73,333.14,300.78,284.3
2009-06-29,470.63,464.37,433.06,331.56,296.29,297.73
2009-07-06,461.27,456.71,426.44,331.06,301.22,303.69
2009-07-13,441.88,436.89,403.25,324.36,292.73,302.32
2009-07-20,437.81,429.27,407.68,325.22,291.17,304.73
2009-07-27,455.27,449.65,422.32,338.51,302.84,309.41
2009-08-03,472.06,461.72,428.88,337.34,311.93,311.88
2009-08-10,481.62,471.46,443.86,348.82,312.04,313.93
2009-08-17,487.77,477.98,448.37,354.38,322.13,313.6
2009-08-24,480.91,475.75,449.29,360.54,324.97,316.55
2009-08-31,470.41,471.42,440.19,357.42,328.61,314.92
2009-09-07,466.75,463.89,428.68,348.33,321.53,314.78
2009-09-14,456.42,451.22,425.99,349.35,309.98,310.28
2009-09-21,450.77,451.81,425.78,350.23,311.16,310.72
2009-09-28,434.04,442.32,417.93,344.07,314.45,309.07
2009-10-05,440.93,448.55,425.75,343.25,321.2,310.15
2009-10-12,432.94,446.6,426.3,342.68,316.44,315.14
2009-10-19,449.01,464.33,442.89,347.34,324.79,321.53
2009-10-26,460.86,475.09,463.04,361.26,331.08,322.24
2009-11-02,472.89,481.75,458.95,363.16,329.27,327.24
2009-11-09,470.53,481.48,457.58,366.69,330.74,336.27
2009-11-16,465.62,475.46,452.12,365.81,333.43,342.16
2009-11-23,468.18,475.38,452.4,367.93,337.4,342.55
2009-11-30,461.2,468.72,443.5,367.62,336.54,340.61
2009-12-07,465.58,473.35,444.21,367,328.33,343.93
2009-12-14,451.31,465.55,439.53,360.64,327.74,342.11
2009-12-21,449.56,466.74,448.41,366.4,323.73,342.74
2010-01-04,469.41,483.38,472.08,374.21,313.12,353.34
2010-01-11,500.86,506.12,489.76,388.08,315.57,360.7
2010-01-18,492.67,504.64,480.93,382.82,338.81,370.6
2010-01-25,487.16,495,471.57,382.2,336.25,370.32
2010-02-01,484.19,488.86,462.48,379.73,333.46,372.22
2010-02-08,485.53,490.36,470.69,381.28,327.27,374.38
2010-02-15,476.15,484.13,469.94,385.25,324.34,380.78
2010-02-22,485.92,497.19,481.92,393.84,332.34,383.81
2010-03-01,501.34,514.5,495.51,393.19,342.26,387.41
2010-03-08,514.69,520.87,498.64,399.46,347.45,389.26
2010-03-15,539.49,538.12,507.7,399.46,352.68,387.39
2010-03-22,535.54,537.76,514.39,400.51,350.5,385.48
2010-03-29,551.94,548.63,516.62,404,342.86,386.1
2010-04-12,555.5,566.52,541.98,419.03,349.2,382.1
2010-04-19,556.84,568.72,539.06,422.82,346.87,379.01
2010-04-26,563.15,572.29,541.52,426.01,357.32,378.18
2010-05-03,569.28,585.33,553.55,433.42,351.74,378.17
2010-05-10,560.65,581.98,553.33,429.61,352.7,376.12
2010-05-17,557.38,580.38,550.06,434.61,353.37,377.52
2010-05-24,536.75,561.42,525.59,418.66,354.38,375.03
2010-05-31,542.36,561.9,524.16,412.83,352.93,374.52
2010-06-07,545.88,567.8,531.25,416.74,337.85,370.08
2010-06-14,551.12,575.22,541.43,421.84,345.95,373.58
2010-06-21,555.08,582.5,550.66,424.05,364.44,377.49
2010-06-28,555.23,583.84,546.67,425.56,355.29,378.09
2010-07-05,535.95,564.29,529.37,415.02,348.5,376.64
2010-07-12,532.92,557.22,521.65,420.08,351.63,378.16
2010-07-19,527.86,553.59,522.58,423.78,350.6,375.34
2010-07-26,530.14,551.88,515.65,425.08,362.16,379.66
2010-08-02,527.94,551.14,513.47,422.82,365.1,381.65
2010-08-09,533.94,563.25,533.01,428.91,369,381.15
2010-08-16,525.43,553.15,520.25,426.67,367.55,380.15
2010-08-23,527.3,553.27,517.27,420.37,369.46,379.67
2010-08-30,516.59,549.74,514.98,420.36,365.23,383.4
2010-09-06,519.43,552.94,519.6,415.84,363.03,383.95
2010-09-13,528.69,558.78,531.17,422.25,361.42,386.94
2010-09-20,528.62,565.3,535.87,418.49,359.6,392.22
2010-09-27,512.24,557.33,528.1,413.44,359.32,396.89
2010-10-04,513.26,558.23,531.19,409.01,358.53,396.47
2010-10-11,525.74,567.08,538.93,410.61,353.88,400.83
2010-10-18,527.73,567.17,541.04,407.39,353.56,402.38
2010-10-25,536.11,572.4,537.6,408,353.75,404.32
2010-11-08,534.79,577.26,541.37,412.86,349.04,409.07
2010-11-15,540.92,585.46,558.26,419.03,352.52,413.48
2010-11-22,539.19,583.39,546.84,414.65,364.77,416.25
2010-11-29,550.33,590.24,555.69,419.07,360.35,416.47
2010-12-06,573.31,607.97,576.52,433.32,364.3,437.22
2010-12-13,583.84,622.68,585.41,433.25,353.99,456.22
2010-12-20,587.56,628.52,590.02,439.85,384.22,460.99
2011-01-03,595.44,637,603.92,437.07,381.02,467.81
2011-01-10,603.45,643.65,602.76,441.67,390.97,473.26
2011-01-17,616.01,662.04,618.75,456.05,397.08,478.05
2011-01-24,608.51,658.49,619.25,460.37,398.55,479.87
2011-01-31,598.42,653.02,610.87,457.56,388.52,474.98
2011-02-07,600.77,668.03,627.97,467.4,402.54,475.45
2011-02-14,606.28,676.5,633.91,477.5,396.38,471.8
2011-02-21,607.88,679.26,645.76,486.23,398.26,471.99
2011-02-28,632.54,699.43,664.35,508.26,412.78,470.7
2011-03-07,646.48,717.38,689.69,516.77,420.43,469.71
2011-03-14,677.33,727.19,692.75,532.17,436.35,467.62
2011-03-21,661.11,725.91,687.55,535.9,438.63,461.97
2011-03-28,670.21,725.39,692.13,544.56,446.82,462.58
2011-04-04,684.66,727.75,691.33,541.07,446.09,461.39
2011-04-11,699.27,738.85,703.78,561.23,457.58,464.25
2011-04-18,705.48,740.61,696.77,571.38,462.98,466.17
2011-05-02,702.09,739.69,690.42,554.23,476.25,468.84
2011-05-09,681.19,709.65,668.66,538.29,463.14,466.65
2011-05-16,677.26,697.83,653.66,536.16,464.14,468.02
2011-05-23,671.38,701.5,643.23,531.07,449.95,464.17
2011-05-30,661.26,694.15,645.67,534.96,442.47,461.08
2011-06-06,665.53,700.38,658.24,535.98,445.13,455.81
2011-06-13,657.42,706.83,656.3,539.34,451.9,452.92
2011-06-20,658.06,710.87,669.75,546.4,452.56,449.29
2011-06-27,635.12,687.17,639.39,533.92,452.98,446.75
2011-07-04,633.33,680.41,638.53,539.28,459.99,447.73
2011-07-11,648.88,695.92,652.39,547.48,457.29,445.79
2011-07-18,666.66,707.29,683.41,558.61,446.79,444.1
2011-07-25,671.75,716.89,684.03,564.05,461.36,446.03
2011-08-01,676.3,720.11,675.56,558.22,484.03,446.13
2011-08-08,656.37,703.21,670.44,545.26,475.87,444.97
2011-08-22,637.78,683.39,651.3,529.58,454.42,439.76
2011-08-29,641.05,685.82,657.24,528.52,446.9,439.25
2011-09-05,653.81,696.84,669.78,540.08,444.64,439.99
2011-09-12,670.49,704.01,673.94,545.66,444.03,440.65
2011-09-19,669.54,708.68,676.34,547.27,447.94,445.68
2011-09-26,655.35,706.43,679.14,546.02,462.78,449.39
2011-10-03,647.8,707.22,667.62,538.77,473.02,456.65
2011-10-10,648.75,708.13,668.78,538.95,486.26,461.32
2011-10-17,659.24,717.45,681.9,550.11,486.23,463.31
2011-10-24,653.74,728.25,696.62,548.39,477.94,459.86
2011-10-31,652.33,731.79,698.7,544.91,479.75,459.89
2011-11-07,646.37,732.24,701.31,549.04,480.23,460.18
2011-11-14,641.77,739.71,713.38,565.64,478.61,459.65
2011-11-21,640.49,751.27,727.6,565.41,478.56,459.08
2011-11-28,629.14,736.48,716.66,552.96,478.84,457.16
2011-12-05,635.69,740.67,718.46,555.45,484.83,456.97
2011-12-12,633.22,732.41,711.98,560.79,477.4,448.97
2011-12-19,638.26,731.77,703.19,561.68,488.5,452.41
2012-01-09,678.53,757.56,723.23,585.28,490.3,457.84
2012-01-16,684.27,773.84,740.8,600.47,515.81,465.23
2012-01-23,690.47,768.03,727.4,596.69,547.29,469.37
2012-01-30,690.64,757.32,715.08,591.31,568.29,470.45
2012-02-06,693.65,758.15,721.71,594.53,570.26,481.53
2012-02-13,707.55,775.39,751.98,608.92,546.37,491.94
2012-02-20,726.58,789.5,762.44,621.03,550,500.23
2012-02-27,733.51,793.99,762.84,626.76,551.74,501.58
2012-03-05,741.07,793.17,751.14,628.31,561.17,510.84
2012-03-12,751.68,799.25,754.09,644.82,562.95,517.15
2012-03-19,763.97,807.36,769.21,653.3,561.61,518.71
2012-03-26,768.47,806.3,760.17,648.19,564.16,516.45
2012-04-02,780.78,799.94,752.59,648.86,568.61,515.67
2012-04-16,791.7,799.49,746.49,650.53,556.67,512.48
2012-04-23,780.47,790.73,742.7,642.56,553.52,509.15
2012-04-30,766.37,780.78,743.3,636.63,557.63,509.67
2012-05-07,753.89,785.17,743.26,632.34,551.87,505.22
2012-05-14,730.69,763.97,723.15,618.64,537.77,492.35
2012-05-21,724.18,760.26,718.29,611.17,525.45,487.91
2012-05-28,727.43,756.12,713.58,607.59,519.67,485.66
2012-06-04,721.11,745.5,708.92,602.38,513.54,481.04
2012-06-11,704.92,728.8,683.67,584.25,525.17,478.85
2012-06-18,696.79,724.06,682.57,572.82,518.15,473.19
2012-06-25,679.2,707.24,672.95,558.14,515.65,464.94
2012-07-02,679.53,705.71,671.14,556.05,500.11,459.31
2012-07-09,706.35,731.48,699.24,572.89,488.76,456.78
2012-07-16,712.32,742.24,710.1,580.59,489.14,458.79
2012-07-23,729.26,765.68,731.43,599.14,494.27,456.17
2012-07-30,722.08,767.25,729.69,600.57,521.87,458.75
2012-08-06,738.19,771.5,726.63,606.19,543.75,465.8
2012-08-13,758.07,792.66,743.92,626.13,544.25,471.09
2012-08-20,792.11,811.76,763.79,636.09,546.84,475.24
2012-08-27,795.57,817.29,770.53,637.77,553.43,476.59
2012-09-03,787.62,807.35,762.34,635.54,545.6,474.94
2012-09-10,801.59,815.71,762.73,638.43,563.24,486.34
2012-09-17,783.06,806.19,759.8,637.68,563.34,495.25
2012-09-24,767.79,788.19,741.69,625.06,562.86,494.74
2012-10-01,757.46,787.61,748.86,614.05,562.35,496.18
2012-10-08,763.4,798.55,754.62,606.81,546.82,503.22
2012-10-15,758.34,798.62,777.17,606.82,537.29,504.32
2012-10-22,736.76,795.6,761.77,592.23,527.75,505.69
2012-10-29,711.29,783.16,748.82,586.04,517.53,502.92
2012-11-05,698.47,776.34,750.58,580.16,513.81,504.85
2012-11-12,693.54,770.55,744.16,575.77,504.81,509.74
2012-11-19,699.07,768.31,732.39,573.53,500.99,512.38
2012-11-26,705.2,770.92,740.16,571.12,505.28,514.85
2012-12-03,694.25,767.27,729.32,560.82,510.37,515.09
2012-12-10,682.95,752.75,715.97,553.59,506.66,514.49
2012-12-17,676.85,739.48,708.13,553.76,499.12,514
2013-01-07,687.76,748.79,706.7,561.91,484.24,511.93
2013-01-14,696.39,753.15,715.69,569.16,487.21,510.12
2013-01-21,689.05,747.52,712.6,562.78,481.71,505.56
2013-01-28,696.94,751.52,713.75,572.57,488.77,502.35
2013-02-04,711.48,754.44,718.09,574.24,492.58,502.98
2013-02-11,721.93,762.25,725.71,587.18,499.7,502.3
2013-02-18,733.95,770.93,736.87,600.2,498.34,499.57
2013-02-25,733.02,765.1,733.68,594.18,513.77,499.06
2013-03-04,725.25,758.12,722.07,585.55,512.98,494.18
2013-03-11,710.29,747.04,710.72,581.5,506.4,487.79
2013-03-18,702.35,745.97,707.77,577.12,500.13,481.81
2013-03-25,714.64,743.67,698.99,570.99,495.82,479.53
2013-04-01,731.41,743.9,713.33,601.46,493.9,445.96
2013-04-08,718.73,747.17,715.01,568.76,502.53,473.48
2013-04-15,700.87,728.43,686.39,559.44,509.12,464.33
2013-04-22,682.34,705.51,655.03,547.53,492.82,460.92
2013-04-29,679.67,701.31,668.2,548.19,488.45,457.12
2013-05-06,675.33,693.74,663.52,545.99,477.9,450.86
2013-05-13,675,703.62,668.71,555.49,483.37,443.66
2013-05-20,687.03,715.16,667.87,561.61,483.73,439.92
2013-05-27,692.61,715.87,673.86,558.21,482.22,437.16
2013-06-03,690.74,713.09,674.36,559.07,478.57,430.86
2013-06-10,687.8,707.85,664.06,558.97,482.32,428.19
2013-06-17,684.07,705.55,659.71,557.53,486.2,426.7
2013-06-24,684.45,710.08,667.19,551.15,473.92,423.5
2013-07-01,682.85,710.68,666.62,554.35,474.05,424.98
2013-07-08,688.93,717.78,680.06,555.08,476.64,428.32
2013-07-15,707.77,732.25,696.77,560.07,484.3,431.71
2013-07-22,720.59,740.49,690.41,561.74,498.11,434.69
2013-07-29,710.08,731.59,686.34,556.5,503.83,433.5
2013-08-05,711.7,732.71,679.38,555.08,504.66,435.05
2013-08-12,703.29,728.66,675.18,548.04,501.55,436.49
2013-08-19,707.03,730.72,685.89,559.03,490.36,440.69
2013-08-26,709.16,736.13,690.63,557.62,488.85,444.59
2013-09-02,722.58,750.03,714.6,562.36,487.04,446.89
2013-09-09,720.29,754.35,718.16,566.63,489.8,450.34
2013-09-16,705.93,754.56,707.24,564.4,504.36,455.55
2013-09-23,688.88,741.17,690.56,558.99,498.42,452.69
2013-09-30,679.1,732.71,679.1,551.8,497.42,451.65
2013-10-07,669.19,725.7,680,542.82,492.44,452.5
2013-10-14,667.66,725.87,685.51,544.81,493.72,455.78
2013-10-21,666.77,724.32,684.43,544.26,489.18,460.23
2013-10-28,656.38,714.27,672.26,538.52,487.23,459.71
2013-11-04,650.96,709.15,673.21,534.64,481.65,459.78
2013-11-11,643.11,705.34,666.88,532.81,477.15,460.93
2013-11-18,653.78,709.26,664.74,537.96,477.31,463.17
2013-11-25,660.03,714.52,669.83,541.97,475.24,465.47
2013-12-02,662.59,721.92,682.87,547.48,478.85,469.71
2013-12-09,661.19,723.39,683.92,550.87,482.83,485.87
2013-12-16,654.34,715.56,673.39,543.22,484.15,493.6
2014-01-06,655.72,715.8,683.45,539.8,492.82,492.79
2014-01-13,649.21,706.44,666.34,533.63,479.7,490.34
2014-01-20,644.84,702.14,663.09,533.89,473.04,486.15
2014-01-27,646,703.79,668.05,537.22,465.73,479.38
2014-02-03,646.45,703.91,668.09,543.21,465.38,476.98
2014-02-10,647.79,705.21,667.16,547.81,475.14,471.68
2014-02-17,654.55,706.16,670.31,558.06,480.11,468.18
2014-02-24,656.75,708.43,672.03,558.36,485.75,467.39
2014-03-03,656.03,705.48,667.88,550.25,486.07,463.3
2014-03-10,650.54,701.1,663.23,555.07,485.32,458.5
2014-03-17,645.49,691.37,651.7,551.65,488.52,452.7
2014-03-24,643.57,685.7,649.53,554.97,486.14,451.58
2014-03-31,655.06,691.5,656.19,555.18,487.87,449.51
2014-04-07,659.95,692.31,653,562.84,485.59,451.9
2014-04-14,666.05,693.04,653.23,554.5,486.17,449.93
2014-04-28,681.09,701.78,660.5,547.55,480.19,448.05
2014-05-05,673.06,696.46,656.57,541.13,477.98,446.9
2014-05-12,670.65,692.39,648.78,541.98,479.48,443.75
2014-05-19,667.09,693.49,658.29,551.1,474.92,439.87
2014-05-26,671.74,699.75,661.61,560.27,481.94,439.58
2014-06-02,673.28,698.41,659.81,557.55,491.33,438.49
2014-06-09,677.48,690.99,649.67,560.17,490.17,439.14
2014-06-16,684.43,695.13,656.75,561.86,490.08,438.28
2014-06-23,694.9,705.03,670.87,560.51,491.76,437.43
2014-06-30,698.08,707.82,673.2,562.64,495.45,438.68
2014-07-07,697.82,703.8,661.16,551.81,496.34,443.33
2014-07-14,694.85,696.22,650.11,548.55,494.13,444.79
2014-07-21,686.66,691.86,649.45,540.25,487.36,446.82
2014-07-28,683.34,692.04,652.81,537.27,478.81,450.28
2014-08-04,676.92,692.59,659.34,533.84,475.1,453.41
2014-08-11,672.65,695.88,656.83,528.98,474.61,453.91
2014-08-18,667.85,692.2,654.16,523.81,471.57,454.84
2014-08-25,663.8,685.61,648.6,524.01,471.62,454.83
2014-09-01,670.13,692.33,653.99,526.83,470.2,453.47
2014-09-08,671.53,690.76,655.47,536.22,476.49,451.23
2014-09-15,670.28,690.43,653.92,529.55,479,447.85
2014-09-22,665.67,685.38,648.81,527.46,477.24,447.85
2014-09-29,662.1,681.35,641.43,529.54,475.03,445.31
2014-10-06,661.69,679.8,643.24,526.27,473.92,444.18
2014-10-13,654.1,669.91,623.69,512.37,474.88,442.09
2014-10-20,616.1,645.23,601.19,481.85,459.04,438.78
2014-10-27,610.35,643.95,600.29,478.04,435.73,438.67
2014-11-03,607.84,644.2,601.26,476.62,419.54,437.56
2014-11-10,603.99,644.38,599.53,467.02,387.95,431.49
2014-11-17,597.15,640.56,597.85,451.16,408.44,425.51
2014-11-24,587.49,627.15,580.61,441.94,401.67,423.76
2014-12-01,572.64,612.84,571.32,432.12,390.2,424.04
2014-12-08,544.79,590.94,542.93,417.25,390.48,417.25
2014-12-15,517.37,567.06,518.57,395.09,358.9,408.36
2015-01-05,475.88,525.33,490,358.27,293.28,384.94
2015-01-12,453.56,505.08,457.37,337.93,273.38,375.18
2015-01-19,438.71,487.08,439.39,330.03,260.12,364.57
2015-01-26,438.92,486.46,448.89,328.75,253.28,361.07
2015-02-02,443.49,491.97,458.45,345.72,257.65,357.87
2015-02-09,473.81,520.68,497.01,353.2,264.64,352.1
2015-02-16,493.43,543.48,513.26,366.41,291.15,347.03
2015-02-23,504.19,560.02,525.67,373.81,309.44,342.3
2015-03-02,517.26,569.94,525.49,379.1,320.19,342.76
2015-03-09,533.69,575.18,531.97,376.69,319.08,348.57
2015-03-16,543.74,574.87,528.17,382.18,325.11,355.09
2015-03-23,541.93,561.88,507.67,378.66,319.68,360.17
2015-03-30,549.6,560.41,507.82,378.81,311.06,364.42
2015-04-13,552.18,557.71,512.21,378,315.14,365.25
2015-04-20,567.99,574.65,531.8,396.67,321.98,363.71
2015-04-27,581.51,586.47,535.81,406.99,333.61,361.79
2015-05-04,587.93,590.12,522.14,418.89,344.33,360.19
2015-05-11,589.25,594.43,551.03,409.06,344.74,356.71
2015-05-18,587.12,592.68,542.87,409.97,352.4,355.26
2015-05-25,588.85,593.11,543.93,405.05,346.69,353.22
2015-06-01,588.53,590.46,543.88,400.41,338.33,350.08
2015-06-08,590.84,587.52,532.85,399.27,337.71,345.28
2015-06-15,597.91,582.51,532.13,398.25,336.16,339.91
2015-06-22,601.93,579.82,526.2,392.42,335.88,336.56
2015-06-29,595.93,575.79,525.74,393.33,330.79,332.06
2015-07-06,599.93,572.22,522.95,391.44,330.37,331.15
2015-07-13,609.29,564.27,500.32,386.08,331.95,334.04
2015-07-20,598.85,555.74,500.8,376.68,316.48,336.35
2015-07-27,589.91,546,489.11,371.86,312.41,337.2
2015-08-03,578.3,532.18,473.65,360.05,305.03,336.87
2015-08-10,565.63,521.59,466.64,343.15,278.86,333.69
2015-08-17,550.06,513.19,463.39,331.25,277.65,331.87
2015-08-24,523.9,501.81,456.13,320.58,262.83,327.86
2015-08-31,495.91,482.34,431.44,297.67,248.33,324.47
2015-09-07,498.56,494.24,459.87,311.85,224.01,319.28
2015-09-14,497.98,499.98,464.04,306.94,251.98,316.95
2015-09-21,487.91,492.21,450.41,298.35,238.19,315.06
2015-09-28,477.01,486.96,455.13,294.17,235.28,314.41
2015-10-05,470.95,486.28,448.47,294.3,223.71,314.71
2015-10-12,475.7,493.07,462.47,307.62,223.82,318.65
2015-10-19,462.74,481.52,439.25,298.01,238.41,322.44
2015-10-26,453.98,473.81,434.47,298.68,230.39,321.61
2015-11-02,457.64,476.72,437.26,301.57,225.25,324.9
2015-11-09,470.49,487.37,455.73,303.11,231.06,329.73
2015-11-16,471.98,487.81,449.91,295.38,222.88,330.17
2015-11-23,463.01,479.68,436.56,288.73,215.57,331.16
2015-11-30,466.07,478.48,436.41,288.99,216.97,329.66
2015-12-07,460.96,467.38,416.05,283.68,216.42,330.86
2015-12-14,446.04,441.09,386.2,267.81,206.14,328.84
2016-01-04,428.57,403.05,360.07,249.8,160.59,318.46
2016-01-11,424.83,400.56,356.02,244.87,160.55,311.41
2016-01-18,407.84,379.6,330.8,217.68,164.3,303.52
2016-01-25,404.02,364.67,309.34,217.82,144.41,297.85
2016-02-01,406.38,368.24,325.82,223.36,162.97,294.94
2016-02-08,400.15,374.39,331.05,226.15,164.71,289.31
2016-02-15,371.26,358.94,320.06,216.05,166.48,280.81
2016-02-22,377.26,371.62,330.86,220.57,159.11,277.11
2016-02-29,377.18,375.28,333.35,217.74,163.62,272.95
2016-03-07,383.12,386.08,345.94,235.28,163.01,271.67
2016-03-14,399.92,405.93,371.09,235.81,170.13,271.54
2016-03-21,407.47,412.5,368.11,241.26,188.74,270.47
2016-04-04,429.83,407.93,358.99,235.57,187.13,268.91
2016-04-11,428.86,396.33,343.78,235.34,181.32,268.43
2016-04-18,442.12,408.85,370.51,248.84,170.45,270.79
2016-04-25,448.23,417.97,375.9,252.52,186.57,267.63
2016-05-02,457.64,431.97,395.02,256.57,194.84,266.57
2016-05-09,454.73,433.41,388.87,265.5,205.27,265.87
2016-05-16,459.01,438.88,391.7,269,207.51,266.4
2016-05-23,468.51,453.72,419.11,276.32,214.34,266.2
2016-05-30,482.94,473.23,432.67,282.04,228.46,267.46
2016-06-06,487.73,478.67,429.04,282.7,230.63,267.52
2016-06-13,481.91,477.08,428.97,303.46,234.83,269.13
2016-06-20,472.41,469.91,422.31,298.09,248.52,269.53
2016-06-27,478.97,470.76,423.02,309.63,247.75,268.94
2016-07-04,475.66,470.85,422.36,307.81,254.64,271.34
2016-07-11,459.79,462.41,413.89,315.15,263.97,271.74
2016-07-18,453.11,457.8,407.27,311.15,246.4,271.78
2016-07-25,448.3,453.83,402.66,313.42,244.75,271.13
2016-08-01,438.7,440.44,388.77,302.57,244.8,272.39
2016-08-08,434.14,431.51,372.13,293.65,236.03,278.05
2016-08-15,437.12,436.94,392.14,298.05,229.39,284.12
2016-08-22,449.19,452.3,412.04,308.78,239.22,285.08
2016-08-29,456.66,461.06,419.94,317.28,251.97,288.5
2016-09-05,449.26,454.72,414.86,316.12,258.8,288.94
2016-09-12,459.16,458.68,408.47,323.29,261.09,290.24
2016-09-19,457.28,454.7,405.58,314.92,261.86,293.19
2016-09-26,456.72,456.6,408.21,319.9,256.04,293.42
2016-10-03,460.87,461.77,412.05,317.67,256.18,297.47
2016-10-10,473.33,477.26,439.22,331.93,255.76,301.24
2016-10-17,476.4,488.26,453.14,344.59,277.15,301.02
2016-10-24,477.91,491.51,457.49,348.18,292.14,302.36
2016-10-31,477.95,493.1,455.15,346.19,295.13,302.21
2016-11-07,471.46,484.04,435.22,332.85,282.11,304.43
2016-11-14,459.49,471.83,423,332.09,259.49,307.66
2016-11-21,457.03,471.61,428.35,325.7,260.77,317.07
2016-11-28,467.84,485.3,447.9,346.59,260.13,321.58
2016-12-05,481.19,496.25,453.94,350.6,285.87,326.61
2016-12-12,492.3,509.85,467.79,359.91,291.49,328.4
2016-12-19,503.95,523.78,482.38,367.38,305.59,328.38
2017-01-02,522.56,541.24,499.65,377.48,323.18,328.33
2017-01-09,528.46,545.75,498.04,404.43,338.45,332.65
2017-01-16,525.83,540.03,491.74,413.65,352.76,334.81
2017-01-23,524.89,535.81,488.74,413.72,353.54,335
2017-01-30,526.44,536.38,489.19,405.93,346.75,334.6
2017-02-06,528.91,537.29,489.75,396.67,340.55,341.61
2017-02-13,532.42,538.54,491.36,403.73,335.08,346.69
2017-02-20,535.32,539.65,493.52,392.54,329.25,350.23
2017-02-27,534.46,541.29,495.79,392.4,327.46,353.75
2017-03-06,528.22,539.62,495.8,387.06,330.13,351.56
2017-03-13,519.04,533.33,486.91,384.34,331.49,349.37
2017-03-20,505.12,519.7,464.81,375.32,325.74,348.3
2017-03-27,500.04,510.57,456.48,368.59,310.28,345.83
2017-04-03,510.35,512.4,460.13,364.17,299.85,345.15
2017-04-10,525.18,524.2,476.96,377.96,306.79,344.14
2017-04-24,533.98,533.39,479.53,381.55,334.25,340.44
2017-05-01,523.75,522.35,465.21,364.76,310.74,339.78
2017-05-08,508.19,508.1,447.11,373.44,324.99,335.82
2017-05-15,505.07,500.34,443.23,362.87,294.47,331.43
2017-05-22,506.28,502.35,447.8,366.67,294.4,327.92
2017-05-29,507.01,504.24,454.93,370.11,303.87,324.83
2017-06-05,502.93,498.78,443.71,360.92,305.47,322.01
2017-06-12,492.48,483.12,423.44,360.4,297.77,318.54
2017-06-19,484.41,475.26,422.47,353.68,300.28,315.8
2017-06-26,476.13,468.27,414.96,354.01,291.48,311.07
2017-07-03,474.36,466.67,417.5,341.92,286.48,308.77
2017-07-10,476.02,473.45,429.82,352.76,288.97,307.58
2017-07-17,477.09,474.36,424.22,345.93,290.73,306.22
2017-07-24,478.5,476.79,425.88,346.33,285.92,305.1
2017-07-31,480.19,478.99,428.4,342.57,289.55,311.53
2017-08-07,486.24,489.68,437.36,348.36,290.66,313.08
2017-08-14,488.07,490.89,436.7,350.81,295.33,314.01
2017-08-21,485.7,489.61,432.95,349.47,296.61,317.27
2017-08-28,489.45,489.85,431.39,347.48,291.49,322.31
2017-09-04,506,494.92,438.67,339.61,291.66,328.64
2017-09-11,515.89,507.06,455.32,347.8,292.91,337.88
2017-09-18,509.7,508.74,458.58,355.94,299.77,341.97
2017-09-25,506.86,515.21,464.6,360.37,304.85,343.66
2017-10-02,504.3,525.41,480.57,360.01,307.53,342.68
2017-10-09,501.01,525.48,471.41,367.96,312.59,344.3
2017-10-16,498.09,521.89,467.94,366.95,309.9,348.98
2017-10-23,497.75,524.31,473.41,370.74,313.03,352.63
2017-10-30,504.66,527.39,473.75,371.75,317.81,352.43
2017-11-06,519.74,537.73,487.26,375.8,319.88,356.85
2017-11-13,520.12,540.13,502.22,398.64,339.06,359.25
2017-11-20,520.44,545.25,495.98,392.36,354.18,359.52
2017-11-27,519.59,544.88,503.14,392.34,343,358.86
2017-12-04,516.64,544.15,499.78,380.22,338.19,359.12
2017-12-11,510.4,539.98,495.65,383.27,333.49,360.05
2017-12-18,514.63,545.69,506.47,386.87,332.13,362.18
2018-01-01,523.3,556.52,516.96,379.32,302.78,364.5
2018-01-08,526.71,566.09,521.3,402.99,314.97,363.69
2018-01-15,525.87,566.02,527.53,406.74,314.84,362.66
2018-01-22,526.18,565.38,521.52,408.4,317.73,361.75
2018-01-29,531.76,566.41,521.97,407.91,319.66,362.18
2018-02-05,531.59,565.1,516.06,396.88,313.4,359.05
2018-02-12,522.01,555.56,507.69,386.76,312.11,354.23
2018-02-19,508.64,541.27,484.55,377.58,304.51,349.23
2018-02-26,507.98,542.78,499.9,383.2,302.64,347.54
2018-03-05,507.12,544.93,506.08,378.36,292.47,344.9
2018-03-12,499.13,539.36,495.08,381.19,292.14,342.57
2018-03-19,499.29,539.4,494.62,379.97,292.91,343.18
2018-03-26,505.15,549.1,510.67,382.12,292.08,343.79
2018-04-09,527.65,559.51,518.58,384.48,302.09,341.48
2018-04-16,537.94,569.56,528.31,393.08,306.76,342.82
2018-04-23,544.11,576.15,530.86,398.01,305,342.13
2018-04-30,555.14,586.79,541.33,401.22,312.77,342.93
2018-05-07,560.87,592.51,545.45,405.5,311.02,344.5
2018-05-14,577.08,607.59,564.61,425.87,329.49,351.8
2018-05-21,595.98,625.81,578.57,446.46,326.08,353.88
2018-05-28,604.9,637.44,590.53,455.38,364.75,353.42
2018-06-04,605.99,639.58,582.84,443.37,366.57,353.57
2018-06-11,597.89,630.55,576.36,459.6,382.58,353.28
2018-06-18,592.43,626.38,569.9,454.67,380.76,353.41
2018-06-25,586.24,619.72,566.46,457.06,365.49,355.17
2018-07-02,590.86,620.84,566.65,452.26,361.25,354.83
2018-07-09,593.33,623.95,572.84,468.53,376.08,365.74
2018-07-16,593.01,622.93,572.11,470.04,377.82,373.04
2018-07-23,587.91,615.36,555.95,464.34,389.01,374.9
2018-07-30,594.89,618.32,570.82,465.67,392.51,376.29
2018-08-06,601.92,621.02,566.56,456.19,378.89,376.45
2018-08-13,600.66,621.19,576.39,457.81,376.83,374.4
2018-08-20,601.02,624.35,577.34,458.72,375.8,372.65
2018-08-27,605.4,627.78,581.09,453.91,378.54,373.43
2018-09-03,608.97,634,596.65,454.74,373.32,373.51
2018-09-10,615.18,645.71,614.7,463.58,371.62,376.46
2018-09-17,615,646.28,617.51,468.15,377.19,380.69
2018-09-24,610.96,643.36,609.96,462.84,376.87,384.92
2018-10-01,610.74,649.02,620.87,464.83,382.9,390.54
2018-10-08,623.11,672.45,655.03,496.2,380.75,395.74
2018-10-15,617.46,679.43,656.09,500.47,409.75,401.57
2018-10-22,612.97,677.96,648.55,493.7,410.08,402.82
2018-10-29,614.46,683.5,664.68,492.45,416.52,406.98
2018-11-05,613.15,688.63,673.47,484.78,417.09,408.45
2018-11-12,600.23,680.94,661.6,480.07,411.76,405.05
2018-11-19,585.68,668.56,636.91,472.9,408.44,399.32
2018-11-26,567.4,652.54,609.24,448.93,382.08,396.54
2018-12-03,546.42,631.98,578.45,437.27,382.6,390.47
2018-12-10,531.07,616.14,570.51,436.67,340.69,378.78
2018-12-17,519.62,604.25,554.25,423.07,341.49,372.23
2019-01-07,486.21,566.04,533.49,406.4,286.32,362.43
2019-01-14,489.81,572.39,536.93,417.66,287.43,358.09
2019-01-21,490.93,581.78,541.66,406.71,308.71,357.3
2019-01-28,490.44,584.82,542.95,411.01,309.49,356.84
2019-02-04,491.22,587.08,544.86,417.35,328.32,354.76
2019-02-11,492.35,589.31,547.14,419.92,326.21,353.2
2019-02-18,502.65,598.02,556.5,434.57,339.09,351.35
2019-02-25,508.14,608.45,568.66,432.83,364.21,349
2019-03-04,514.43,613.91,570.67,441.66,367.69,349.31
2019-03-11,521.11,617.99,571.16,446.68,367.13,351.77
2019-03-18,522.93,616.79,569.06,455.04,366.46,354.91
2019-03-25,539.1,616.4,563.96,451.49,366.96,356.79
2019-04-01,554.55,612.11,566.98,450.15,370.05,355.93
2019-04-08,573.14,617.31,572.53,455.25,380.7,357.38
2019-04-15,592.28,626.03,578.13,457.21,382.49,356.83
2019-04-29,610.85,638.22,591.16,464.09,395.15,360.91
2019-05-06,617.1,640.75,587.72,465.33,386.29,358.88
2019-05-13,612.26,636.93,585.42,464.4,367.72,358.89
2019-05-20,620.91,641.02,593.62,465.99,370.31,361.95
2019-05-27,626.35,640.46,591.63,464.06,365.13,361.45
2019-06-03,622.45,633.07,580.82,460.21,359.28,359.79
2019-06-10,596.23,609.01,539.31,453,339.8,355.58
2019-06-17,583.89,598.05,535.76,444.71,329.59,351.4
2019-06-24,578.63,597.37,542.3,445.07,332.76,348.34
2019-07-01,580.01,600.39,553.18,452.05,352.5,346.75
2019-07-08,578.7,596.58,544.02,453.05,347.68,342.67
2019-07-15,589.16,603.47,555.58,461.83,371.6,339.66
2019-07-22,581.23,603.19,550.18,452.82,355.09,337.97
2019-07-29,582.61,602.47,557.3,455.22,337,334.65
2019-08-05,583.26,604.52,561.36,457.69,345.93,330.09
2019-08-12,566.32,590.71,534.52,440.85,289.68,324.95
2019-08-19,561.16,590.01,547.27,431.56,267.54,323.52
2019-08-26,555.33,588.46,545.97,435.39,275.19,320.61
2019-09-02,550.6,587.46,544.07,433.93,283.3,319.17
2019-09-09,550.27,592.63,547.79,425.59,279.34,319.19
2019-09-16,550.4,599.82,560.06,430.27,293.91,319.38
2019-09-23,564.39,615.86,580.87,452.58,346.57,318.61
2019-09-30,562.08,615.41,572.89,452.94,348.54,319.43
2019-10-07,559.76,608.84,562.77,441.15,275.36,322.2
2019-10-14,553.87,606.06,558.69,445.25,282.02,322.73
2019-10-21,547.76,604.37,555.39,440.4,239.65,324.09
2019-10-28,545.8,603.63,556.4,444.16,233.06,324.51
2019-11-04,549.31,604.59,556.08,444.02,228.2,327.76
2019-11-11,553.4,604.6,555.73,449.69,227.66,329.64
2019-11-18,551.92,605.29,549.85,445.75,215.93,337.46
2019-11-25,554.33,605.16,547.25,443.01,214.16,343.05
2019-12-02,556.5,608.41,562.87,447.28,209.78,351.62
2019-12-09,553.31,608.67,554.79,458.66,226.11,356.83
2019-12-16,550.11,612.03,559.88,471.12,242.31,362.45
2020-01-06,572.58,643.34,577.73,516.83,278.11,365.93
2020-01-13,569.15,642.18,578.39,531.02,377.21,371.19
2020-01-20,565.1,631.51,552.68,517.04,380.39,370.42
2020-01-27,559.4,620.58,537.42,506.33,373.26,368.46
2020-02-03,551.46,604.55,518.36,488.51,368.59,364.83
2020-02-10,546.07,592.8,501.08,474.2,367.34,359.9
2020-02-17,546.55,589.14,509.36,465.67,353.76,355.83
2020-02-24,551.51,588.44,513.44,457.28,340.8,350.48
2020-03-02,533.44,573.87,482.61,440.94,339.58,344.48
2020-03-09,516.34,555.96,474.19,416.55,332.29,338.35
2020-03-16,470.7,513.98,428.06,367.22,323.23,327.66
2020-03-23,429.86,481.11,406.63,329.92,242.49,315.74
2020-03-30,406.68,467.96,408.94,311.6,249.38,306.36
2020-04-06,392.62,458.22,389.23,296.69,248.54,297.67
2020-04-20,377.58,441.49,371.74,270.53,252.99,286.93
2020-04-27,359.54,421.35,343.32,262.67,250.56,281.63
2020-05-04,354.02,408.59,330.91,254.72,226.67,277.44
2020-05-11,359.55,405.2,352.03,261.7,225.85,274.2
2020-05-18,366.84,406.2,351.65,252.84,214.74,272.77
2020-05-25,380.97,417.42,370.86,266.95,219.54,276.9
2020-06-01,389.36,424.22,350.13,286.03,239.39,288.62
2020-06-08,400.01,430.23,357.49,286.76,238.75,294.44
2020-06-15,410.86,438.54,359.18,297.36,242.6,301.05
2020-06-22,425.34,445.41,365.1,308.52,242.97,303.02
2020-06-29,431.91,451.88,364.47,305.31,241.77,303.24
2020-07-06,441.9,457.97,370.04,308.83,242.83,305.13
2020-07-13,449.67,464.16,372.36,324.42,242.63,305.98
2020-07-20,447.61,464.79,363.59,323.39,258,309.69
2020-07-27,452.43,469.55,363.85,322.53,259.65,310.05
2020-08-03,444.84,464.86,354.18,316.55,258.87,308.73
2020-08-10,445.68,465.02,354.7,316.98,259.63,309.22
2020-08-17,449.93,464.79,354.13,325.06,260.14,311.76
2020-08-24,451.19,463.98,352.45,326.5,260.5,310.47
2020-08-31,455.2,461.81,348.52,325.64,261.07,308.78
2020-09-07,452.64,455.75,342.03,325.42,259.23,308.96
2020-09-14,446.74,444.83,335.32,317.47,257.63,307.99
2020-09-21,447.72,439.64,323.65,318.46,253.25,305.55
2020-09-28,445.43,435.5,322.71,318.42,252.48,305.86
2020-10-05,447.19,436.16,323.22,320.9,255.65,307.1
2020-10-12,449.62,438.93,331.5,326.27,256.48,309.24
2020-10-19,444.45,438,357.05,328.84,254.93,310.13
2020-10-26,436.51,435.6,353.49,329.64,254.7,310.71
2020-11-02,423.32,431.52,346.75,318.39,253.85,314.48
2020-11-09,420.48,432.71,347.64,329.82,263.55,316.42
2020-11-16,430.63,443.97,368.22,338.29,264.11,317.31
2020-11-23,435.2,450.71,365.22,341.19,256.94,319.37
2020-11-30,442.54,461.38,386.29,348.92,267.76,324.17
2020-12-07,443.87,467.09,387.56,349.09,270,324.92
2020-12-14,446.44,474.93,388.37,358.27,271.29,327.22
2020-12-21,454.64,482.47,424.96,359.98,268.54,325.44
2021-01-11,484.05,510.49,451.17,366.53,276.25,330.8
2021-01-18,498.5,522.92,463.57,427.85,278.21,338.16
2021-01-25,503.07,526.59,460.6,442.39,290.35,342.4
2021-02-01,505.14,528.38,460.74,444.64,305.95,350.68
2021-02-08,517.67,539.67,475.85,448.14,307.59,353.08
2021-02-15,525.39,553.58,493.92,466.8,319.82,360.16
2021-02-22,542.75,568.07,512.71,459.74,335.78,367.19
2021-03-01,554.24,578.17,514.18,472.46,359.27,370.62
2021-03-08,569.48,584.29,510.92,446.8,356.68,372.31
2021-03-15,586.73,597.18,529.36,453.68,350.04,380.21
2021-03-22,586.99,597.47,521.91,451.44,360.41,384.95
2021-03-29,585.82,591.82,505.36,440.85,353.61,383.75
2021-04-12,590.7,590.73,507.13,446.05,354.8,386.43
2021-04-19,595.06,591.77,514.11,451.86,351.67,384.43
2021-04-26,595.9,593.16,516.08,448.08,353.14,382.26
2021-05-03,598.04,595.29,518.62,445.16,352.94,382.54
2021-05-10,609.5,606.33,504.79,461.08,352.11,367.95
2021-05-17,609.74,608.36,502.68,448.22,355.78,372.91
2021-05-24,609.5,611.07,500.41,448.3,356.86,373.11
2021-05-31,610.17,610.87,503.25,443.16,354.57,371.45
2021-06-07,609.22,618.28,513,451.98,356.9,371.57
2021-06-14,619.77,624.2,519.02,460.3,356.49,365.84
2021-06-21,626.23,631.97,527.84,460.62,355.7,366.18
2021-06-28,641.36,643.6,537.28,472.14,364.77,369.38
2021-07-05,649.6,648.27,537.88,484.02,366.97,373.43
2021-07-12,656.52,651.9,542.51,486.55,380.27,379.57
2021-07-19,663.8,654.8,547.03,497.6,378.2,387.6
2021-07-26,662.92,652.98,528.24,485.66,379.06,403.57
2021-08-02,669.73,656.45,541.2,487.58,378.27,403.83
2021-08-09,670.71,655.91,535.16,480.24,383.45,404.96
2021-08-16,669.53,653.68,532.87,488.73,380.84,411.04
2021-08-23,661.31,647.33,524.01,476.27,378.87,411.65
2021-08-30,666.08,652.69,536.8,485.49,378.28,424.07
2021-09-06,671.57,657.56,546.93,491.22,384.25,426.77
2021-09-13,676.83,663.18,544.51,496.6,384.74,429.78
2021-09-20,681.26,671.96,558.97,497.39,394.91,431.33
2021-09-27,681.07,682.53,572.53,508.31,396.86,436.3
2021-10-04,698.6,706.06,595.32,522.99,407.77,451.69
2021-10-11,722.86,735.18,631.62,534.58,422.62,476.4
2021-10-18,741.38,757.19,685.55,546.46,431.12,495.17
2021-10-25,748.31,763.9,701.12,553.38,464.25,501.26
2021-11-01,755.96,769.39,696.68,549.92,428.6,507.73
2021-11-08,764.55,771.14,689.85,545.57,429.82,511.58
2021-11-15,765.73,770.99,697.19,560.43,421.48,518.6
2021-11-22,759.44,766.11,683.47,557.43,420.42,522.79
2021-11-29,747.74,762.19,677.17,561.2,419.83,523.41
2021-12-06,723.25,749.13,628.32,539.69,423.09,523.37
2021-12-13,720.79,743.48,644.51,535.55,417.93,519.47
2021-12-20,717.81,740.17,646.16,537.75,413.05,521.26
2022-01-03,737.68,752.94,666.9,537.52,415.97,517.93
2022-01-10,744.23,769.86,689.82,528.11,421.05,519.97
2022-01-17,752.03,783.46,709.58,557.56,430.48,517.16
2022-01-24,765.04,799.97,733.41,574.48,433.54,515.74
2022-01-31,781.89,816.57,739.96,581.05,443.13,514.95
2022-02-07,795.24,833.62,771.54,591.73,472.58,516.57
2022-02-14,808.25,844.13,764.22,613.1,484.55,515.2
2022-02-21,815.81,850.38,776.02,618.81,487.91,513.22
2022-02-28,851.29,886.23,802.73,627.32,483.18,515.01
2022-03-07,951.71,1024.3,1004.65,682.48,518.74,555.78
2022-03-14,1081.99,1222.66,1352.22,738.22,633.09,623.19
2022-03-21,1024.98,1152.1,1150.74,713.83,621.59,633.37
2022-03-28,1034.26,1200.01,1187.54,705.03,599.04,641.37
2022-04-04,1003.32,1137.74,1080.6,706.18,619.04,639.07
2022-04-11,979.07,1092.47,1021.79,686.91,597.39,637.36
2022-04-25,986.3,1119.52,1068.64,737.25,562.3,637.34
2022-05-02,1011.9,1144.35,1090.96,741.75,560.97,640.6
2022-05-09,1040.78,1164.6,1119.53,742.62,559.54,637.62
2022-05-16,1071.62,1141.28,1062.42,734.3,564.37,637.22
2022-05-23,1105.7,1122.51,1025.55,730.15,565.14,636.16
2022-05-30,1130.48,1122.7,1034.14,741.78,577.78,634.52
2022-06-06,1219.16,1195.6,1139.54,749.76,578.49,630.75
2022-06-13,1239.08,1260.05,1218.63,763.52,575.32,621.65
2022-06-20,1235.22,1298.43,1223.09,768.04,589.65,618.29
2022-06-27,1218.48,1302.98,1235.38,766.75,598.04,612.63
2022-07-04,1199.75,1270.54,1169.58,759.35,575.5,606.83
2022-07-11,1172.3,1233.18,1133.62,748.92,569.02,594.18
2022-07-18,1145.67,1219.76,1167.22,723.67,552.38,592.48
2022-07-25,1103.19,1190.76,1145.3,731.47,556.48,588.34
2022-08-01,1085.07,1171.84,1131.89,742.47,572.15,571.36
2022-08-08,1037.23,1131.18,1105.33,727.22,603.89,564.14
2022-08-15,1016.5,1108.25,1053.86,724.56,604.06,559.56
2022-08-22,1009.25,1127.54,1122.91,716.64,660.02,552.29
2022-08-29,1022.74,1198.52,1181.71,734.07,659.94,547.83
